choice,gender,amount,freq,last,first,child,youth,cook,diy,art
yes,male,113,8,1,8,0,1,0,0,0
yes,male,418,6,11,66,0,2,3,2,3
yes,male,336,18,6,32,2,0,1,1,2
yes,male,180,16,5,42,2,0,0,1,1
yes,female,320,2,3,18,0,0,0,1,2
yes,male,268,4,1,4,0,0,0,0,0
yes,male,198,2,12,62,2,3,2,1,2
yes,female,280,6,2,12,0,2,0,0,0
yes,male,393,12,11,50,3,0,3,0,2
yes,male,138,10,7,38,2,3,0,0,1
yes,female,142,14,2,20,0,1,0,0,1
yes,female,251,10,2,18,0,0,2,0,0
yes,female,130,14,2,18,1,0,0,0,0
yes,male,308,6,1,6,0,0,0,0,1
yes,male,251,10,2,18,1,0,0,0,1
yes,male,249,16,1,16,1,0,0,0,0
yes,male,311,14,9,50,0,0,2,1,0
yes,female,180,8,2,12,0,1,0,1,0
yes,female,227,30,2,34,1,0,0,0,1
yes,male,44,2,1,2,0,0,1,0,0
yes,male,207,4,7,22,2,1,1,0,1
yes,male,239,14,2,22,1,0,1,0,0
yes,male,154,10,7,46,0,2,0,1,1
yes,female,218,4,2,6,2,0,0,0,0
yes,female,273,10,2,12,2,0,0,0,0
yes,male,250,10,1,10,1,0,0,0,0
yes,male,235,10,9,40,3,0,1,1,1
yes,female,100,22,2,26,0,0,0,1,1
yes,male,140,2,1,2,1,0,0,0,0
yes,male,331,10,7,48,1,0,1,0,2
yes,female,309,4,2,8,0,0,1,0,0
yes,male,280,10,1,10,1,0,0,0,0
yes,female,90,4,1,4,0,0,0,0,0
yes,female,331,4,7,28,3,0,2,0,2
yes,male,312,8,2,10,0,0,0,1,0
yes,female,164,10,9,46,0,2,3,0,0
yes,male,172,14,5,38,0,0,1,2,1
yes,female,285,16,4,28,0,0,3,0,0
yes,female,386,6,11,36,4,0,1,0,2
yes,male,428,2,9,22,2,1,1,0,2
yes,male,396,12,12,68,6,0,3,0,2
yes,male,377,8,11,36,3,2,3,0,1
yes,female,103,8,1,8,1,0,0,0,0
yes,male,204,14,2,22,0,0,1,0,0
yes,male,161,10,1,10,0,0,0,0,1
yes,female,165,2,11,48,1,0,3,2,0
yes,male,66,10,1,10,0,0,1,0,0
yes,male,318,14,9,66,5,1,0,0,1
yes,male,159,10,9,46,2,0,1,0,5
yes,female,80,2,2,6,1,0,1,0,0
yes,male,163,10,2,18,0,0,1,0,0
yes,female,213,10,3,22,0,1,0,0,2
yes,male,400,10,10,34,1,0,1,1,3
yes,female,183,8,12,66,4,0,2,1,4
yes,female,151,8,1,8,0,0,0,1,0
yes,female,240,16,2,18,0,1,1,0,0
yes,female,97,6,1,6,0,0,0,0,1
yes,female,267,6,3,12,2,0,0,0,0
yes,female,136,6,5,28,1,1,2,0,1
yes,female,129,4,3,18,1,0,0,1,1
yes,male,89,4,2,6,0,0,0,0,1
yes,female,283,8,12,62,5,0,4,0,1
yes,male,266,10,9,50,0,0,5,0,2
yes,male,240,2,2,8,0,1,0,0,1
yes,male,144,12,1,12,0,1,0,0,0
yes,female,74,2,2,6,0,0,0,1,1
yes,male,163,6,2,8,1,0,1,0,0
yes,male,70,2,1,2,0,0,0,0,0
yes,male,251,4,2,8,0,0,0,0,1
yes,male,288,30,1,30,0,0,0,1,0
yes,female,304,2,3,10,1,0,0,0,1
yes,male,249,14,4,30,0,0,0,0,2
yes,male,310,2,1,2,0,0,0,0,0
yes,male,176,8,11,64,2,0,2,0,3
yes,male,276,10,2,14,0,0,1,1,0
yes,male,272,16,1,16,0,0,0,0,1
yes,male,385,2,9,34,4,1,0,1,2
yes,male,261,14,7,40,1,1,0,0,4
yes,female,194,16,4,32,0,0,1,1,2
yes,female,195,4,4,16,1,0,1,0,1
yes,male,250,6,1,6,0,0,0,1,0
yes,male,474,12,12,46,2,1,1,1,4
yes,male,219,10,7,34,1,1,1,0,1
yes,female,122,8,7,26,1,0,2,1,1
yes,male,170,4,1,4,0,0,1,0,0
yes,female,306,8,1,8,0,0,1,0,0
yes,female,276,14,2,16,0,0,0,0,1
yes,female,183,20,1,20,0,0,0,0,1
yes,female,18,14,1,14,0,1,0,0,0
yes,male,130,12,1,12,0,0,0,1,0
yes,female,169,4,11,50,1,0,2,4,3
yes,male,181,6,1,6,0,0,0,0,1
yes,male,304,6,1,6,0,0,0,0,1
yes,male,177,14,1,14,0,0,0,1,0
yes,male,361,6,6,36,1,0,2,0,2
yes,male,245,30,1,30,0,0,0,0,1
yes,male,237,6,4,16,0,0,1,0,3
yes,male,273,14,5,30,0,0,0,1,2
yes,male,168,6,2,12,1,0,0,0,1
yes,male,262,30,1,30,1,0,0,0,0
yes,male,295,10,1,10,0,0,1,0,0
yes,female,223,10,1,10,0,0,0,0,1
yes,male,276,4,1,4,0,1,0,0,0
yes,female,115,4,2,12,1,0,1,0,0
yes,male,297,14,2,22,1,0,0,0,0
yes,female,296,8,6,32,0,1,2,0,2
yes,female,198,16,5,36,1,0,1,1,2
yes,female,234,8,5,24,2,0,0,1,2
yes,male,184,10,10,66,1,2,1,1,3
yes,female,280,10,8,34,1,1,4,0,0
yes,female,414,2,8,46,3,1,0,0,3
yes,female,72,8,2,16,0,1,0,0,1
yes,female,287,16,1,16,0,0,0,0,0
yes,female,126,14,2,20,0,0,1,1,0
yes,male,253,10,1,10,0,0,0,0,1
yes,female,212,16,5,38,1,0,1,2,0
yes,female,77,2,2,4,0,0,1,0,1
yes,female,181,14,1,14,0,0,0,0,0
yes,female,148,6,4,20,0,1,1,0,2
yes,male,247,16,2,18,1,0,0,0,0
yes,female,129,4,1,4,0,0,0,0,0
yes,male,133,2,8,20,0,2,2,0,0
yes,female,193,10,2,18,0,0,1,0,1
yes,male,224,10,10,62,3,0,2,0,3
yes,male,210,2,6,36,2,0,1,0,1
yes,female,405,6,12,70,5,0,0,2,3
yes,male,257,6,2,8,0,0,2,0,0
yes,male,159,4,7,18,1,0,1,0,1
yes,female,225,8,2,12,1,0,0,0,0
yes,female,287,12,2,16,0,0,0,0,0
yes,female,228,4,2,6,1,0,1,0,0
yes,male,229,16,1,16,0,0,0,0,0
yes,male,315,2,2,10,0,0,0,0,2
yes,male,291,2,1,2,0,0,0,0,1
yes,male,176,20,3,36,1,0,1,0,1
yes,male,322,12,12,74,3,2,1,1,4
yes,male,303,28,2,32,1,0,0,0,1
yes,male,241,10,2,16,1,0,0,0,0
yes,male,303,2,2,6,0,1,0,0,1
yes,male,305,2,2,10,0,0,1,1,0
yes,male,165,12,8,32,1,2,1,2,1
yes,male,268,8,4,30,1,1,0,0,2
yes,female,230,4,1,4,0,0,0,0,1
yes,male,22,2,1,2,0,0,0,0,1
yes,male,75,4,4,26,0,1,0,1,0
yes,female,356,4,6,22,2,1,0,1,0
yes,female,270,4,4,22,2,2,0,0,0
yes,female,264,4,12,30,4,2,2,0,1
yes,male,314,4,2,8,1,0,0,1,0
yes,female,155,30,6,44,1,0,3,0,0
yes,female,48,10,1,10,0,1,0,0,0
yes,male,84,2,2,4,0,0,0,0,1
yes,female,228,8,1,8,0,0,0,0,1
yes,male,224,10,4,32,1,1,1,0,1
yes,male,315,14,4,24,0,1,0,0,1
yes,female,192,10,1,10,0,0,1,0,0
yes,male,246,12,11,38,3,0,4,0,0
yes,female,219,10,6,28,2,0,1,0,2
yes,female,265,4,2,8,0,0,0,2,0
yes,female,316,12,3,20,0,0,0,0,1
yes,female,248,16,8,38,3,0,2,1,1
yes,male,340,8,3,16,0,0,0,0,2
yes,male,281,12,2,16,0,0,1,0,1
yes,female,200,16,2,18,2,0,0,0,0
yes,male,243,16,2,24,1,0,1,0,0
yes,female,187,12,2,18,0,0,1,0,0
yes,female,147,8,2,12,0,0,0,0,1
yes,male,213,2,2,8,0,0,0,0,1
yes,female,171,2,2,10,1,0,1,0,0
yes,male,127,2,4,16,0,1,0,1,1
yes,female,179,8,5,24,1,1,2,0,0
yes,male,237,12,1,12,0,0,1,0,0
yes,female,274,2,1,2,0,0,1,0,0
yes,female,410,12,11,46,2,0,4,2,2
yes,male,118,8,2,12,0,0,0,1,0
yes,male,255,6,11,68,1,2,2,2,3
yes,female,216,2,2,4,1,0,0,1,0
yes,male,183,2,1,2,1,0,0,0,0
yes,male,338,4,12,50,1,4,1,1,2
yes,female,252,24,1,24,0,0,0,0,0
yes,male,47,2,3,10,0,0,0,0,2
yes,female,338,16,5,28,2,1,1,1,0
yes,male,43,2,2,4,0,1,1,0,0
yes,male,289,4,6,28,0,0,2,1,1
yes,female,285,8,1,8,1,0,0,0,0
yes,female,259,14,7,34,1,0,3,0,1
yes,male,272,12,1,12,0,0,0,0,0
yes,female,203,12,1,12,0,0,0,1,0
yes,male,274,8,1,8,0,0,0,0,1
yes,female,257,20,6,38,1,0,0,0,1
yes,male,125,16,2,18,0,0,0,0,0
yes,male,262,10,1,10,0,0,0,1,0
yes,female,97,16,6,42,2,1,2,0,1
yes,male,80,14,1,14,0,0,0,1,0
yes,female,243,12,9,52,2,1,1,1,3
yes,male,120,4,2,6,0,0,2,0,0
yes,male,280,6,11,66,5,1,1,0,1
yes,male,216,2,1,2,0,0,0,0,0
yes,male,216,10,1,10,0,1,0,0,0
yes,female,53,2,1,2,0,0,0,0,1
yes,female,352,16,7,56,2,0,1,1,0
yes,female,39,26,1,26,0,1,0,0,0
yes,female,139,12,2,20,1,0,0,0,0
yes,female,256,4,2,8,1,0,1,0,0
yes,male,248,14,1,14,0,0,1,0,0
yes,female,172,8,2,14,0,0,1,0,0
yes,male,254,10,2,12,0,0,1,0,1
yes,male,232,8,8,52,1,2,2,0,0
yes,female,145,6,3,12,2,0,0,1,0
yes,male,192,12,1,12,0,0,0,0,1
yes,male,149,2,5,26,0,1,1,0,3
yes,male,232,2,5,24,1,2,0,0,0
yes,male,276,8,2,12,1,0,1,0,0
yes,female,222,14,2,20,0,0,0,0,1
yes,female,90,2,3,16,1,0,1,1,0
yes,female,206,14,1,14,0,0,0,0,0
yes,female,202,10,6,40,0,0,0,0,3
yes,male,261,6,11,38,2,0,3,3,2
yes,female,262,6,12,32,1,2,1,3,3
yes,male,266,6,2,14,0,0,0,1,1
yes,female,223,2,3,12,2,0,0,0,1
yes,female,321,14,2,18,0,0,0,1,1
yes,male,216,14,5,36,1,0,1,0,3
yes,male,222,14,9,50,2,1,1,1,4
yes,female,213,8,1,8,0,0,0,0,0
yes,female,122,2,3,12,0,0,0,0,1
yes,male,303,4,2,8,1,0,0,0,0
yes,female,165,4,2,6,0,0,0,0,2
yes,female,77,4,2,10,0,1,0,0,0
yes,female,230,12,2,20,0,0,1,0,0
yes,female,248,6,2,10,2,0,0,0,0
yes,female,343,4,4,18,2,1,0,0,1
yes,male,175,8,3,16,0,0,2,0,1
yes,male,277,14,7,54,2,0,0,1,3
yes,female,174,10,1,10,0,0,0,0,1
yes,male,206,6,1,6,0,0,0,0,1
yes,male,211,14,2,22,0,0,1,0,1
yes,male,247,16,5,46,0,1,0,0,2
yes,male,108,6,2,10,1,0,1,0,0
yes,female,187,2,1,2,0,0,0,0,0
yes,female,145,4,1,4,0,0,0,0,0
yes,male,229,2,2,4,0,0,0,0,1
yes,male,330,16,5,42,0,0,1,0,2
yes,female,285,14,1,14,1,0,0,0,0
yes,female,258,28,7,60,0,1,1,1,1
yes,female,274,14,2,18,0,0,0,0,1
yes,male,38,34,1,34,0,0,0,0,0
yes,male,267,2,4,20,0,1,1,0,1
yes,male,241,10,1,10,0,0,1,0,0
yes,female,102,10,2,16,0,0,1,0,1
yes,female,119,4,3,18,0,0,1,0,0
yes,female,230,8,2,12,0,0,1,0,0
yes,male,73,16,2,22,0,1,0,0,1
yes,female,220,28,7,70,1,0,0,1,2
yes,female,190,2,2,8,0,0,0,1,1
yes,male,34,2,1,2,0,0,0,0,1
yes,male,235,4,2,8,0,0,2,0,0
yes,female,145,2,1,2,0,0,1,0,0
yes,female,33,14,1,14,0,0,0,0,1
yes,male,49,10,1,10,0,1,0,0,0
yes,male,37,12,2,14,0,1,0,1,0
yes,male,253,4,1,4,0,0,1,0,0
yes,male,88,10,2,18,1,0,0,0,0
yes,male,290,2,2,4,0,0,0,0,1
yes,female,253,24,1,24,0,0,1,0,0
yes,male,391,6,10,64,0,0,5,1,2
yes,male,150,6,5,28,1,0,2,1,0
yes,male,292,12,7,52,1,1,1,0,3
yes,female,274,10,5,30,0,1,1,0,2
yes,female,196,6,2,10,0,0,0,0,1
yes,male,307,10,2,16,0,0,0,0,2
yes,male,65,6,1,6,1,0,0,0,0
yes,male,315,12,10,48,2,1,1,2,2
yes,female,191,16,8,50,2,1,1,1,1
yes,female,36,16,1,16,0,0,1,0,0
yes,male,386,4,11,32,1,2,2,1,1
yes,female,384,2,7,44,0,1,1,3,2
yes,female,400,6,11,52,2,0,4,2,3
yes,female,140,4,2,6,1,0,0,0,0
yes,male,64,14,2,20,0,0,0,0,2
yes,male,204,12,2,14,0,1,0,0,1
yes,female,188,4,5,28,1,0,2,1,1
yes,female,85,10,1,10,0,0,0,0,0
yes,male,41,2,1,2,0,0,0,0,1
yes,male,245,18,4,34,0,0,0,0,1
yes,female,28,16,1,16,0,0,0,0,0
yes,male,290,14,2,22,0,1,0,0,1
yes,male,302,10,5,26,0,0,0,1,2
yes,male,216,10,1,10,0,0,0,0,0
yes,male,97,12,1,12,0,0,0,0,1
yes,female,278,2,1,2,0,0,1,0,0
yes,female,88,12,2,14,0,0,1,0,0
yes,male,233,16,4,36,1,0,0,1,0
yes,male,355,10,10,60,2,0,2,1,3
yes,male,179,12,2,18,0,1,0,0,1
yes,female,314,2,1,2,1,0,0,0,0
yes,male,444,28,10,82,1,1,1,3,2
yes,female,179,6,1,6,0,1,0,0,0
yes,female,84,6,1,6,0,0,0,0,0
yes,male,263,4,6,30,2,0,2,1,1
yes,male,297,8,3,14,0,1,0,0,1
yes,female,299,6,5,32,1,2,1,1,0
yes,female,85,6,4,14,1,0,1,0,2
yes,male,75,16,1,16,0,0,0,0,0
yes,female,350,12,4,26,0,0,0,1,2
yes,male,55,10,1,10,0,0,0,0,1
yes,male,274,22,1,22,0,0,0,0,0
yes,male,215,6,11,66,2,1,4,1,2
yes,female,130,22,2,24,1,1,0,0,0
yes,female,137,6,2,8,0,1,0,1,0
yes,female,78,6,2,10,0,0,0,0,0
yes,male,338,2,5,20,1,0,0,1,2
yes,female,244,6,5,22,2,1,0,0,1
yes,male,183,2,1,2,0,0,1,0,0
yes,female,376,4,10,60,1,2,2,3,1
yes,male,82,6,3,16,0,1,0,1,0
yes,male,367,12,12,72,3,0,3,0,1
yes,female,418,16,8,32,1,1,1,2,3
yes,female,81,16,1,16,0,0,0,1,0
yes,female,249,2,2,10,0,0,1,0,1
yes,female,102,16,3,32,0,0,0,0,1
yes,male,351,10,9,62,3,1,2,1,2
yes,female,322,4,2,12,1,0,0,1,0
yes,female,360,2,10,22,2,1,1,3,1
yes,male,451,12,11,78,3,0,3,0,3
yes,male,286,12,2,14,1,0,0,0,1
yes,male,187,16,3,22,0,0,1,0,1
yes,female,17,16,1,16,1,0,0,0,0
yes,female,407,12,12,40,3,0,1,3,2
yes,male,143,14,1,14,0,0,0,0,0
yes,male,404,4,11,38,2,1,1,2,2
yes,female,17,4,1,4,1,0,0,0,0
yes,female,148,6,9,48,0,1,1,1,2
yes,female,118,6,2,8,1,0,0,0,0
yes,male,302,12,2,18,1,0,1,0,0
yes,male,374,2,10,26,4,3,0,0,3
yes,female,110,2,2,8,0,0,2,0,0
yes,female,185,10,10,40,2,1,3,1,2
yes,male,235,2,2,8,1,0,0,0,0
yes,male,41,6,1,6,0,0,0,0,1
yes,female,243,16,1,16,0,0,0,0,1
yes,female,183,8,1,8,0,0,0,0,1
yes,male,273,30,9,68,1,3,0,1,1
yes,male,372,4,12,36,3,0,2,2,3
yes,male,234,8,8,40,0,2,0,0,3
yes,male,282,16,6,42,1,1,0,0,2
yes,female,135,12,1,12,0,0,0,0,0
yes,male,236,8,1,8,0,0,0,0,0
yes,female,165,2,1,2,1,0,0,0,0
yes,male,318,16,2,22,0,0,0,0,1
yes,male,299,10,2,16,1,0,1,0,0
yes,female,345,14,6,38,1,1,1,0,2
yes,male,115,8,7,38,1,2,1,1,2
yes,female,179,10,1,10,0,0,0,0,1
yes,male,396,12,9,44,1,2,2,0,1
yes,female,371,6,11,40,4,1,4,1,0
yes,female,292,2,1,2,1,0,0,0,0
yes,male,339,10,6,36,2,1,0,0,2
yes,male,245,2,1,2,1,0,0,0,0
yes,female,330,14,12,84,2,0,3,3,3
yes,female,154,10,1,10,0,0,1,0,0
yes,female,243,28,1,28,0,1,0,0,0
yes,male,72,14,2,18,0,0,0,0,1
yes,male,92,6,1,6,1,0,0,0,0
yes,male,307,8,1,8,1,0,0,0,0
yes,female,271,10,1,10,0,0,0,0,1
yes,male,385,4,9,40,2,0,2,2,2
yes,male,94,2,6,24,1,1,2,1,0
yes,female,115,2,3,16,1,0,0,1,0
yes,male,55,2,3,8,0,1,0,0,1
yes,female,252,2,2,4,0,0,1,0,1
yes,female,339,12,11,38,4,0,1,1,2
yes,male,76,10,1,10,0,0,0,0,1
yes,male,59,16,1,16,0,0,0,1,0
yes,female,406,8,10,58,1,0,3,2,1
yes,male,60,14,4,28,0,0,1,0,1
yes,female,306,10,1,10,0,0,0,0,1
yes,male,264,4,2,8,0,0,0,1,1
yes,male,74,10,2,14,1,0,0,0,1
yes,female,256,12,1,12,0,0,0,0,1
yes,male,253,12,1,12,0,0,1,0,0
yes,female,403,12,8,44,3,1,1,2,1
yes,male,35,10,2,16,0,0,0,1,1
yes,female,139,10,9,30,1,3,1,2,0
yes,female,229,16,2,20,0,0,1,0,0
yes,male,237,2,2,4,0,0,1,0,1
yes,male,202,8,11,32,2,0,1,1,2
yes,female,111,12,2,20,0,0,0,0,0
yes,male,256,2,11,38,4,2,3,0,1
yes,male,57,2,2,8,0,0,1,0,1
yes,male,162,10,1,10,0,0,0,0,1
yes,male,336,2,10,24,3,0,0,0,2
yes,male,319,2,2,8,0,0,0,1,1
yes,female,183,2,1,2,0,1,0,0,0
yes,female,385,4,10,26,2,0,1,3,0
yes,female,352,2,6,22,0,2,1,0,2
yes,male,276,10,2,16,1,0,0,0,0
yes,male,72,6,4,16,1,0,1,0,2
yes,male,313,8,1,8,0,0,0,0,0
yes,female,287,12,4,24,0,3,0,0,1
no,male,123,12,1,12,0,1,0,0,0
no,male,294,6,2,8,0,1,1,0,0
no,male,138,14,9,38,1,1,3,2,1
no,male,228,2,1,2,0,1,0,0,0
no,male,102,22,2,24,2,0,0,0,0
no,female,145,10,8,50,1,1,4,0,1
no,female,211,6,1,6,0,0,1,0,0
no,male,289,4,5,32,1,1,1,1,0
no,female,185,14,6,44,1,0,3,1,1
no,male,261,6,1,6,1,0,0,0,0
no,male,73,14,4,32,2,0,0,0,1
no,male,185,16,2,18,0,0,0,1,1
no,male,274,12,2,20,1,0,0,0,1
no,male,82,10,1,10,0,0,0,0,0
no,male,184,2,2,10,1,0,1,0,0
no,male,113,20,1,20,1,0,0,0,0
no,female,44,12,2,20,0,0,2,0,0
no,male,254,6,3,24,0,0,1,1,1
no,male,213,2,1,2,0,0,0,0,1
no,male,57,10,2,14,0,0,2,0,0
no,male,252,12,1,12,1,0,0,0,0
no,male,52,4,2,6,1,0,0,0,0
no,male,33,16,2,22,0,0,0,1,0
no,male,132,18,2,20,1,0,0,0,0
no,female,333,2,4,18,1,0,1,0,1
no,male,284,12,1,12,0,0,0,0,0
no,male,314,2,1,2,0,0,1,0,0
no,male,437,16,11,58,5,0,2,2,2
no,male,285,10,6,38,0,0,2,2,1
no,male,115,24,1,24,0,0,0,0,1
no,female,240,34,8,54,3,2,2,0,0
no,male,87,8,4,18,0,0,2,1,1
no,male,96,16,1,16,0,0,0,0,1
no,male,408,16,10,48,3,0,3,1,1
no,female,32,14,1,14,0,0,0,0,1
no,male,54,14,3,22,1,1,1,0,0
no,male,196,10,2,18,2,0,0,0,0
no,male,357,12,12,60,2,4,2,2,2
no,female,147,12,1,12,0,1,0,0,0
no,male,194,2,2,6,0,0,1,1,0
no,male,196,2,12,26,3,2,2,1,0
no,female,176,8,1,8,0,0,1,0,0
no,male,220,4,1,4,0,0,1,0,0
no,male,316,16,6,32,3,1,0,1,1
no,female,235,14,1,14,0,1,0,0,0
no,male,280,30,2,34,0,1,1,0,0
no,male,320,28,3,38,0,0,2,0,1
no,male,141,16,2,18,0,0,0,1,1
no,male,346,28,12,52,3,1,3,1,3
no,male,149,2,1,2,1,0,0,0,0
no,male,42,8,2,10,1,1,0,0,0
no,female,340,14,4,26,3,0,1,0,0
no,male,87,10,1,10,1,0,0,0,0
no,male,69,14,2,18,1,0,0,0,0
no,male,206,12,1,12,0,0,0,0,1
no,male,206,26,1,26,0,0,1,0,0
no,male,281,14,12,66,5,1,1,4,0
no,male,134,12,4,22,3,0,0,0,0
no,female,216,28,2,36,0,0,1,0,1
no,male,186,36,2,40,0,0,2,0,0
no,female,304,2,1,2,0,0,0,0,1
no,female,228,30,2,38,1,0,1,0,0
no,male,196,16,4,38,2,0,0,2,0
no,female,148,8,1,8,0,0,1,0,0
no,male,247,24,2,26,1,0,1,0,0
no,male,303,2,2,6,0,0,1,0,0
no,male,128,8,1,8,1,0,0,0,0
no,male,193,16,1,16,0,0,1,0,0
no,male,316,32,2,36,0,1,0,1,0
no,female,162,20,1,20,1,0,0,0,0
no,male,107,8,1,8,1,0,0,0,0
no,female,94,2,2,10,0,0,1,0,1
no,male,212,16,1,16,1,0,0,0,0
no,male,126,16,8,48,2,1,1,2,0
no,female,130,36,2,38,0,0,1,0,1
no,male,299,12,3,26,0,0,0,1,0
no,male,287,22,2,30,0,0,1,0,1
no,male,125,14,2,16,0,1,0,0,1
no,male,193,16,2,20,1,0,0,0,1
no,male,275,2,1,2,0,0,0,1,0
no,male,204,4,4,16,1,0,2,0,0
no,male,262,12,2,16,0,0,0,1,1
no,male,18,30,1,30,0,0,1,0,0
no,female,277,14,1,14,0,0,1,0,0
no,male,49,10,2,14,0,0,0,1,0
no,male,396,4,9,24,1,4,2,1,0
no,male,98,12,1,12,0,0,0,0,1
no,male,62,8,1,8,0,0,1,0,0
no,male,266,34,2,40,0,0,0,0,1
no,male,81,10,1,10,0,0,0,0,0
no,male,80,8,2,12,1,0,1,0,0
no,male,244,2,2,8,0,0,0,1,0
no,female,29,4,1,4,0,1,0,0,0
no,male,214,16,2,24,1,0,0,0,0
no,male,240,20,1,20,1,0,0,0,0
no,male,202,12,2,16,0,0,1,0,1
no,female,33,10,2,16,0,0,1,0,1
no,male,253,8,3,24,1,0,0,0,1
no,female,228,2,8,24,1,1,4,1,1
no,male,224,14,2,20,1,0,1,0,0
no,female,96,8,1,8,0,0,1,0,0
no,male,122,16,1,16,0,1,0,0,0
no,male,266,12,6,44,2,0,1,1,1
no,male,128,20,6,40,2,0,1,1,0
no,male,198,4,4,20,1,0,2,1,0
no,female,228,4,8,32,1,0,2,3,0
no,female,100,8,1,8,1,0,0,0,0
no,male,247,20,4,30,1,0,0,0,1
no,female,73,18,1,18,1,0,0,0,0
no,male,288,22,1,22,0,0,1,0,0
no,male,413,34,9,74,3,0,1,1,2
no,male,397,4,11,60,4,0,3,1,1
no,male,25,6,1,6,0,0,1,0,0
no,male,15,12,1,12,1,0,0,0,0
no,female,251,12,7,54,2,0,3,1,1
no,male,314,2,2,4,0,1,1,0,0
no,female,126,28,1,28,0,0,0,0,0
no,male,107,2,2,8,1,0,0,0,1
no,male,314,10,1,10,0,0,0,0,1
no,female,121,10,1,10,0,0,1,0,0
no,male,166,16,1,16,0,0,1,0,0
no,male,117,8,5,20,2,0,2,0,0
no,male,224,28,2,32,0,0,0,1,1
no,male,75,14,1,14,0,1,0,0,0
no,male,180,14,1,14,0,0,1,0,0
no,female,248,4,5,24,2,1,0,2,0
no,male,92,14,1,14,1,0,0,0,0
no,male,69,12,1,12,1,0,0,0,0
no,female,277,20,1,20,0,1,0,0,0
no,male,294,12,5,24,1,1,2,1,0
no,female,18,2,1,2,0,0,1,0,0
no,female,218,10,2,18,1,0,0,1,0
no,male,268,14,2,18,1,0,0,0,1
no,female,324,14,2,20,0,0,2,0,0
no,female,168,12,1,12,0,0,0,1,0
no,female,316,14,4,34,2,1,0,0,1
no,female,174,12,11,48,4,0,1,2,1
no,male,71,14,2,20,2,0,0,0,0
no,male,202,10,1,10,0,1,0,0,0
no,male,30,10,1,10,0,0,1,0,0
no,male,129,10,1,10,1,0,0,0,0
no,male,205,4,2,6,0,0,0,1,0
no,male,215,16,6,34,1,0,1,1,2
no,male,189,8,4,18,0,0,0,2,1
no,male,285,22,1,22,0,0,1,0,0
no,male,288,4,1,4,0,0,1,0,0
no,male,209,4,1,4,1,0,0,0,0
no,male,301,14,4,34,1,0,2,1,0
no,male,35,18,2,22,1,0,1,0,0
no,male,244,16,2,20,1,0,0,1,0
no,male,334,8,9,28,1,1,3,1,1
no,male,140,16,2,24,1,0,0,0,1
no,female,162,10,6,22,1,1,3,0,1
no,female,163,14,1,14,0,0,0,0,0
no,male,216,14,2,20,1,0,1,0,0
no,male,264,16,1,16,0,0,0,0,0
no,female,111,12,2,16,1,0,1,0,0
no,female,235,18,1,18,0,0,0,1,0
no,male,117,16,7,54,4,0,1,1,0
no,male,135,16,3,26,1,1,0,0,1
no,male,131,16,1,16,0,0,0,0,1
no,male,235,2,1,2,1,0,0,0,0
no,male,118,12,1,12,0,0,0,0,1
no,male,327,4,9,38,1,1,2,2,2
no,male,237,16,2,20,0,0,0,0,1
no,male,151,10,3,24,1,1,0,1,0
no,male,84,16,2,24,0,0,1,0,0
no,female,180,4,1,4,0,0,0,1,0
no,male,79,10,2,14,0,0,2,0,0
no,male,201,12,3,28,0,1,0,0,1
no,female,331,26,7,42,3,1,1,1,1
no,male,292,12,5,30,1,2,1,0,0
no,male,285,12,11,76,2,1,3,2,0
no,female,300,34,1,34,1,0,0,0,0
no,male,175,12,1,12,1,0,0,0,0
no,female,354,6,10,56,1,3,5,1,0
no,male,210,12,1,12,0,0,0,1,0
no,male,163,2,1,2,1,0,0,0,0
no,male,57,26,1,26,1,0,0,0,0
no,male,263,8,2,14,0,0,1,1,0
no,male,118,16,6,46,1,2,2,1,0
no,female,149,6,2,12,0,1,0,1,0
no,male,263,12,10,36,0,1,3,2,2
no,male,88,12,1,12,0,0,1,0,0
no,male,107,16,1,16,0,0,1,0,0
no,female,345,6,6,30,3,1,0,0,1
no,male,323,8,2,12,1,1,0,0,0
no,male,125,14,1,14,0,0,0,1,0
no,male,168,10,2,18,2,0,0,0,0
no,male,76,12,2,20,0,0,0,1,0
no,male,257,16,1,16,0,0,0,0,0
no,male,314,6,1,6,0,1,0,0,0
no,male,126,14,2,16,0,0,1,0,0
no,male,139,30,1,30,0,0,0,1,0
no,male,152,30,3,40,0,0,2,1,0
no,female,103,18,1,18,0,0,0,0,1
no,male,135,2,2,6,1,0,0,0,0
no,male,60,14,2,22,0,0,1,0,1
no,female,390,8,9,38,2,2,3,0,1
no,male,236,12,2,18,0,0,1,0,0
no,male,245,24,5,46,2,1,1,1,0
no,female,327,16,2,24,0,0,0,1,0
no,female,148,16,4,38,1,1,1,0,0
no,male,162,16,4,24,0,0,0,3,1
no,female,254,10,1,10,0,0,0,0,1
no,male,186,10,1,10,0,0,1,0,0
no,male,218,12,2,16,1,0,1,0,0
no,male,133,6,4,18,1,1,2,0,0
no,female,184,14,1,14,0,0,0,0,0
no,male,249,12,1,12,0,0,0,0,0
no,female,193,28,1,28,0,0,0,0,0
no,female,88,14,2,22,0,0,1,1,0
no,male,225,26,10,84,4,3,2,0,0
no,male,256,14,1,14,0,0,0,0,0
no,male,55,6,2,8,0,0,1,0,0
no,female,229,14,10,62,4,1,2,2,0
no,male,132,6,2,10,0,1,1,0,0
no,female,133,22,2,26,2,0,0,0,0
no,female,77,12,1,12,0,0,0,0,0
no,male,161,22,9,58,3,2,0,0,2
no,male,114,10,2,14,1,0,1,0,0
no,male,232,20,1,20,0,0,0,0,1
no,female,135,4,2,8,0,0,0,0,0
no,male,30,4,1,4,0,0,0,1,0
no,female,246,8,2,16,0,0,1,0,0
no,female,271,12,2,14,0,1,1,0,0
no,male,153,10,1,10,1,0,0,0,0
no,male,171,24,7,58,1,1,1,1,1
no,male,228,12,1,12,0,0,0,0,1
no,female,24,8,1,8,1,0,0,0,0
no,male,185,6,1,6,1,0,0,0,0
no,male,84,14,1,14,1,0,0,0,0
no,male,84,16,1,16,0,0,0,0,0
no,male,248,36,2,40,0,0,1,1,0
no,female,164,12,3,24,0,1,2,0,0
no,female,281,6,4,16,0,2,2,0,0
no,male,46,10,2,16,0,0,0,2,0
no,male,136,22,1,22,0,0,1,0,0
no,male,317,10,2,16,0,0,1,1,0
no,male,166,10,1,10,0,0,0,0,0
no,male,226,2,1,2,0,0,1,0,0
no,female,123,4,2,10,1,1,0,0,0
no,female,39,12,2,16,1,0,0,1,0
no,male,294,2,1,2,1,0,0,0,0
no,female,473,30,12,66,3,0,5,1,0
no,male,302,4,2,8,0,1,0,0,0
no,male,170,12,1,12,0,0,1,0,0
no,male,288,20,1,20,0,1,0,0,0
no,female,51,2,2,8,0,0,2,0,0
no,female,388,14,10,54,4,1,2,0,0
no,male,67,10,2,14,0,0,1,0,0
no,male,62,8,1,8,0,0,0,0,1
no,female,60,14,4,32,1,1,2,0,0
no,male,132,18,1,18,0,0,0,0,0
no,male,107,18,1,18,0,0,0,1,0
no,male,175,8,1,8,0,0,0,0,0
no,female,184,4,2,6,0,0,2,0,0
no,male,113,12,1,12,0,0,1,0,0
no,male,163,10,2,12,1,0,0,1,0
no,male,300,14,7,46,2,1,4,0,0
no,male,194,14,2,22,0,0,0,0,2
no,male,237,12,1,12,0,0,0,0,0
no,male,328,6,4,16,0,1,2,0,1
no,female,286,14,2,18,0,0,0,0,1
no,male,68,16,1,16,0,0,0,0,1
no,male,247,12,2,18,0,0,0,1,0
no,female,46,12,2,16,1,0,1,0,0
no,female,163,6,3,22,2,0,0,1,0
no,male,309,10,2,18,0,0,1,1,0
no,male,299,14,2,18,1,0,1,0,0
no,male,275,14,1,14,0,0,0,0,0
no,male,268,12,2,18,0,1,1,0,0
no,male,345,10,8,44,1,1,2,2,0
no,female,282,14,2,18,0,0,0,1,1
no,male,340,12,6,30,2,1,1,0,0
no,male,91,10,5,26,3,0,0,1,1
no,male,434,34,11,66,4,1,4,1,0
no,female,232,14,4,30,1,1,1,0,0
no,male,242,24,6,58,0,0,2,2,0
no,female,278,4,2,10,1,1,0,0,0
no,female,34,10,2,16,1,0,0,1,0
no,male,239,12,8,58,1,1,3,1,0
no,male,329,14,3,24,0,0,1,0,2
no,male,263,10,1,10,1,0,0,0,0
no,female,138,14,5,30,2,2,0,1,0
no,male,364,16,8,60,0,1,3,0,1
no,female,192,34,2,40,1,1,0,0,0
no,male,180,14,2,18,0,0,1,0,0
no,female,258,8,10,44,2,2,2,3,0
no,male,260,20,2,22,0,0,2,0,0
no,male,124,16,2,22,2,0,0,0,0
no,male,167,18,5,32,1,0,1,3,0
no,male,75,14,2,22,0,0,1,0,0
no,male,266,2,1,2,0,0,1,0,0
no,female,243,4,1,4,0,0,0,0,0
no,female,40,22,1,22,0,0,0,1,0
no,female,273,8,3,16,0,1,2,0,0
no,male,88,8,3,16,2,0,0,1,0
no,female,33,2,2,4,0,1,0,0,0
no,male,16,12,1,12,0,0,1,0,0
no,male,123,10,1,10,0,1,0,0,0
no,male,286,18,8,40,2,0,3,1,0
no,male,217,2,1,2,0,1,0,0,0
no,male,207,8,1,8,0,0,0,0,0
no,male,267,26,2,28,2,0,0,0,0
no,male,192,34,6,52,0,0,3,2,1
no,female,44,2,2,10,0,0,0,1,1
no,male,208,16,2,20,1,0,1,0,0
no,female,211,32,1,32,0,0,0,0,0
no,male,237,10,2,16,1,0,0,1,0
no,female,236,14,1,14,0,0,0,0,0
no,male,115,12,1,12,0,1,0,0,0
no,male,218,14,8,48,1,0,3,1,1
no,male,138,8,1,8,1,0,0,0,0
no,female,191,6,10,56,1,1,4,1,1
no,female,123,8,1,8,0,0,0,0,1
no,male,261,6,10,54,1,1,4,1,1
no,male,185,8,2,12,2,0,0,0,0
no,male,320,16,5,42,0,1,3,0,0
no,female,213,4,4,22,1,0,1,0,0
no,female,199,10,1,10,1,0,0,0,0
no,male,167,4,11,58,2,3,4,1,0
no,male,82,4,1,4,0,0,0,0,1
no,male,404,18,7,38,1,1,4,1,0
no,female,155,10,8,44,1,1,2,2,2
no,female,215,16,1,16,1,0,0,0,0
no,female,26,32,1,32,0,0,1,0,0
no,male,59,8,1,8,0,0,1,0,0
no,male,121,8,2,12,0,1,0,0,0
no,male,300,14,1,14,0,0,1,0,0
no,female,191,20,1,20,0,1,0,0,0
no,male,124,12,1,12,0,1,0,0,0
no,male,78,12,1,12,0,0,1,0,0
no,male,168,4,1,4,0,1,0,0,0
no,male,41,12,2,18,1,1,0,0,0
no,male,130,10,1,10,0,0,0,1,0
no,male,235,14,1,14,1,0,0,0,0
no,male,241,22,1,22,0,0,1,0,0
no,male,295,8,2,14,1,0,1,0,0
no,female,321,16,10,46,4,1,1,1,2
no,female,326,22,4,38,2,0,0,1,0
no,male,34,10,2,12,0,1,1,0,0
no,female,130,14,2,22,0,0,1,0,0
no,male,195,12,2,16,1,0,0,0,1
no,male,230,2,1,2,1,0,0,0,0
no,female,210,34,1,34,0,0,1,0,0
no,female,405,14,9,50,3,1,4,0,0
no,male,143,10,1,10,1,0,0,0,0
no,male,141,24,2,28,0,0,0,0,0
no,male,297,12,1,12,0,0,0,1,0
no,male,119,10,5,26,1,1,1,0,1
no,female,115,16,2,20,1,0,0,1,0
no,male,153,32,2,38,0,0,1,0,0
no,female,142,12,1,12,0,0,0,1,0
no,female,224,16,2,18,0,1,1,0,0
no,female,98,12,3,22,0,1,0,1,1
no,male,393,14,12,78,2,0,6,1,1
no,male,206,18,4,36,1,1,2,0,0
no,male,219,12,6,34,2,1,0,0,2
no,male,219,34,8,78,1,0,3,2,1
no,male,325,4,10,56,2,0,4,2,1
no,female,191,12,1,12,0,0,0,0,0
no,female,81,10,2,12,0,1,0,1,0
no,male,320,10,2,18,0,1,0,0,0
no,male,281,30,1,30,0,0,0,0,1
no,male,247,4,1,4,0,0,1,0,0
no,female,303,14,3,28,0,0,2,0,0
no,male,204,4,1,4,0,0,0,0,0
no,male,247,14,2,18,0,0,2,0,0
no,male,305,14,8,56,0,1,4,2,0
no,male,32,12,1,12,0,0,0,1,0
no,male,30,14,1,14,1,0,0,0,0
no,male,41,14,1,14,1,0,0,0,0
no,male,190,14,10,72,0,0,4,2,2
no,male,42,12,2,18,0,0,2,0,0
no,male,63,24,2,26,0,0,1,1,0
no,male,277,12,5,36,1,0,2,2,0
no,female,161,20,1,20,1,0,0,0,0
no,male,126,8,2,16,0,0,0,1,0
no,female,47,2,2,4,0,2,0,0,0
no,male,247,10,1,10,1,0,0,0,0
no,male,260,30,2,38,0,0,1,0,1
no,male,213,6,1,6,0,0,1,0,0
no,male,312,14,1,14,0,0,1,0,0
no,male,252,16,1,16,0,0,1,0,0
no,male,240,6,12,46,4,1,2,3,2
no,male,127,4,2,6,2,0,0,0,0
no,female,179,24,1,24,0,0,0,1,0
no,female,54,12,1,12,1,0,0,0,0
no,female,108,10,2,12,0,0,1,1,0
no,male,82,4,3,20,1,1,1,0,0
no,male,42,10,2,16,0,0,0,1,0
no,male,214,22,2,26,0,1,1,0,0
no,male,284,30,1,30,0,1,0,0,0
no,female,302,14,12,48,3,1,5,0,1
no,male,307,34,1,34,0,0,1,0,0
no,male,277,14,2,20,1,0,1,0,0
no,female,150,12,2,18,0,0,0,2,0
no,male,104,18,1,18,1,0,0,0,0
no,female,317,16,2,22,1,0,0,1,0
no,male,100,20,2,26,1,0,0,0,0
no,female,183,30,5,44,2,0,0,1,0
no,female,118,14,2,22,1,0,0,1,0
no,male,79,20,1,20,0,0,1,0,0
no,female,141,2,2,4,0,0,2,0,0
no,female,292,16,1,16,0,1,0,0,0
no,male,227,4,1,4,0,1,0,0,0
no,male,254,36,7,68,0,0,3,0,2
no,male,272,4,12,30,5,0,3,1,0
no,female,60,8,2,14,0,0,2,0,0
no,male,181,16,1,16,0,0,0,1,0
no,female,328,34,9,62,1,0,4,2,0
no,female,115,4,2,10,0,0,1,1,0
no,male,156,14,1,14,0,0,1,0,0
no,male,287,30,1,30,0,0,0,0,0
no,male,116,28,1,28,0,0,1,0,0
no,male,79,6,2,14,2,0,0,0,0
no,male,151,14,1,14,0,0,0,1,0
no,male,173,8,11,66,4,0,3,2,1
no,male,224,8,1,8,0,0,1,0,0
no,male,228,16,11,52,4,0,3,2,0
no,female,143,12,3,26,2,0,0,1,0
no,male,214,6,5,20,2,0,1,0,0
no,male,305,2,2,6,1,0,1,0,0
no,female,371,4,6,38,2,2,1,0,1
no,female,225,18,1,18,1,0,0,0,0
no,male,161,14,1,14,0,0,0,1,0
no,male,54,8,1,8,0,0,0,0,1
no,female,253,16,2,20,1,0,0,0,0
no,female,155,10,1,10,1,0,0,0,0
no,male,160,22,6,42,1,0,2,1,1
no,male,281,14,1,14,0,0,1,0,0
no,male,72,12,2,18,1,0,0,0,0
no,male,177,30,1,30,0,0,1,0,0
no,male,84,14,2,22,1,0,0,1,0
no,female,180,12,1,12,0,0,0,1,0
no,male,195,6,1,6,1,0,0,0,0
no,male,325,10,2,12,0,0,0,0,0
no,male,180,4,2,6,1,0,0,1,0
no,male,158,10,1,10,0,0,1,0,0
no,female,323,8,4,20,1,0,2,0,0
no,female,112,16,1,16,0,0,0,0,0
no,male,304,12,2,16,0,0,1,0,1
no,female,219,12,7,42,2,1,2,1,1
no,male,238,10,1,10,0,0,1,0,0
no,female,226,14,2,20,0,0,1,1,0
no,female,220,28,2,32,0,0,2,0,0
no,male,143,4,2,12,0,0,0,1,1
no,male,274,10,8,26,2,1,2,2,1
no,female,154,12,10,44,1,1,2,2,1
no,male,302,16,11,62,3,3,1,2,1
no,female,188,10,9,50,1,1,2,3,1
no,male,53,26,2,32,1,1,0,0,0
no,male,198,26,2,30,1,0,0,0,1
no,male,256,12,5,32,3,1,0,1,0
no,male,248,10,2,12,0,0,0,0,0
no,female,350,12,5,38,0,0,2,3,0
no,male,217,36,2,44,0,0,0,1,1
no,female,231,14,2,18,0,1,0,1,0
no,female,119,34,7,66,1,0,4,0,0
no,male,253,6,12,38,8,0,1,1,0
no,female,295,14,1,14,1,0,0,0,0
no,female,276,24,2,28,0,0,1,0,0
no,male,218,14,1,14,0,0,0,1,0
no,male,202,8,4,30,4,0,0,0,0
no,female,232,8,1,8,1,0,0,0,0
no,male,247,32,2,40,1,1,0,0,0
no,male,310,12,2,18,0,1,1,0,0
no,male,298,12,4,24,1,0,0,1,1
no,male,161,2,1,2,0,0,1,0,0
no,female,122,16,1,16,0,0,1,0,0
no,male,34,10,1,10,1,0,0,0,0
no,male,191,10,2,12,1,0,0,0,0
no,female,103,18,2,24,1,0,1,0,0
no,male,127,10,2,18,0,0,1,0,0
no,male,106,16,1,16,0,0,1,0,0
no,female,102,2,2,8,1,0,0,0,0
no,male,301,6,1,6,0,1,0,0,0
no,female,228,6,2,8,0,0,1,0,0
no,female,263,12,1,12,0,0,1,0,0
no,male,80,6,2,14,0,1,0,1,0
no,female,256,16,8,60,3,0,3,1,1
no,male,229,18,1,18,0,0,1,0,0
no,male,67,12,1,12,0,0,1,0,0
no,female,292,12,4,28,3,0,0,0,0
no,male,320,6,3,18,1,1,0,0,0
no,male,241,30,1,30,0,1,0,0,0
no,female,312,14,1,14,0,0,1,0,0
no,male,261,22,2,30,0,0,1,0,0
no,male,273,16,1,16,1,0,0,0,0
no,female,163,6,2,14,2,0,0,0,0
no,female,198,30,1,30,0,0,0,1,0
no,male,234,14,2,16,0,0,2,0,0
no,female,232,16,1,16,0,0,1,0,0
no,female,271,14,1,14,0,0,0,0,0
no,male,148,28,3,40,1,0,1,0,1
no,male,273,16,10,70,5,0,1,1,0
no,male,94,8,3,26,0,1,1,0,0
no,female,284,18,7,44,3,1,3,0,0
no,female,152,18,1,18,1,0,0,0,0
no,female,35,6,2,10,0,1,1,0,0
no,male,242,16,12,80,3,0,4,2,0
no,male,28,12,1,12,1,0,0,0,0
no,male,226,22,1,22,0,0,1,0,0
no,female,34,4,2,10,1,0,0,0,0
no,male,32,12,2,18,0,0,2,0,0
no,male,150,30,1,30,0,0,0,1,0
no,male,102,28,1,28,0,1,0,0,0
no,male,394,8,11,72,4,1,3,1,2
no,female,399,8,10,54,1,1,4,1,2
no,male,257,16,2,24,1,1,0,0,0
no,male,250,24,2,28,2,0,0,0,0
no,female,83,18,1,18,1,0,0,0,0
no,male,221,2,1,2,0,0,0,0,0
no,female,271,16,3,26,2,0,0,0,1
no,male,366,10,12,70,3,1,2,3,1
no,male,300,14,1,14,0,0,1,0,0
no,female,262,10,12,34,1,3,2,3,0
no,male,287,8,2,14,1,1,0,0,0
no,female,89,4,2,8,0,0,0,0,1
no,male,32,16,1,16,0,0,0,1,0
no,male,142,16,6,46,2,1,0,1,2
no,male,278,20,1,20,0,0,0,0,0
no,female,175,4,1,4,1,0,0,0,0
no,male,203,16,2,24,1,0,1,0,0
no,female,205,2,2,8,0,0,1,0,0
no,male,33,12,2,14,0,1,0,1,0
no,male,176,4,1,4,0,0,1,0,0
no,male,284,10,1,10,0,0,1,0,0
no,female,46,2,1,2,1,0,0,0,0
no,male,323,12,7,44,2,0,2,2,0
no,female,262,2,3,12,2,1,0,0,0
no,male,59,8,1,8,0,0,0,1,0
no,male,88,30,2,38,0,1,0,0,1
no,male,263,4,12,66,2,0,3,1,4
no,male,96,4,2,12,0,0,0,0,1
no,female,269,16,3,30,0,0,2,1,0
no,male,410,16,9,66,2,0,3,1,1
no,female,289,14,1,14,0,0,0,0,0
no,male,176,12,1,12,0,1,0,0,0
no,male,186,24,1,24,0,0,0,1,0
no,female,222,2,6,24,0,2,0,2,0
no,male,369,4,5,28,2,1,1,0,0
no,male,447,8,10,38,1,2,2,1,1
no,female,301,24,3,32,1,1,1,0,0
no,male,128,18,2,24,0,0,1,0,1
no,male,144,16,2,22,2,0,0,0,0
no,female,65,12,2,16,1,1,0,0,0
no,male,229,10,2,12,0,2,0,0,0
no,female,71,20,2,24,0,0,0,0,0
no,male,120,4,1,4,1,0,0,0,0
no,male,158,16,2,18,1,0,0,0,0
no,male,204,14,1,14,1,0,0,0,0
no,female,81,20,1,20,0,0,1,0,0
no,male,111,8,1,8,1,0,0,0,0
no,female,190,10,1,10,1,0,0,0,0
no,female,264,16,8,62,2,1,3,0,1
no,male,174,12,8,54,3,1,2,1,0
no,female,360,34,7,52,3,0,1,0,1
no,female,124,12,2,14,0,1,1,0,0
no,male,216,10,1,10,1,0,0,0,0
no,female,310,8,4,32,1,0,0,1,0
no,male,222,12,1,12,0,0,0,1,0
no,male,222,10,1,10,0,1,0,0,0
no,male,172,16,3,32,0,0,2,1,0
no,male,346,16,6,30,0,1,4,0,0
no,male,157,16,1,16,0,0,0,1,0
no,male,240,12,2,14,1,0,1,0,0
no,female,170,24,2,30,0,0,2,0,0
no,female,289,6,5,16,5,0,0,0,0
no,female,382,4,8,50,3,3,0,0,1
no,female,346,16,5,42,0,0,3,1,0
no,female,280,34,1,34,0,0,1,0,0
no,female,92,22,2,24,1,0,0,1,0
no,female,132,18,2,20,0,0,1,0,0
no,female,238,16,1,16,1,0,0,0,0
no,male,78,2,2,10,0,1,1,0,0
no,female,21,10,1,10,0,0,0,1,0
no,male,93,12,1,12,0,1,0,0,0
no,male,133,10,1,10,0,0,0,1,0
no,male,158,2,3,10,1,0,2,0,0
no,male,202,16,11,40,0,0,3,1,1
no,male,45,14,2,16,0,1,0,0,0
no,male,182,10,1,10,0,0,0,0,0
no,male,200,26,2,32,1,0,0,0,0
no,male,34,16,2,24,0,0,2,0,0
no,male,182,14,2,18,0,1,1,0,0
no,male,266,12,3,30,2,1,0,0,0
no,female,285,16,3,22,2,0,0,1,0
no,male,87,22,2,24,0,0,1,0,0
no,male,293,2,9,26,0,1,2,2,1
no,male,105,24,2,30,1,1,0,0,0
no,male,295,6,9,56,2,0,1,3,1
no,male,165,14,2,22,1,0,1,0,0
no,male,187,2,8,18,3,0,2,2,0
no,female,155,18,1,18,1,0,0,0,0
no,male,283,2,1,2,0,0,1,0,0
no,female,314,14,2,16,0,0,0,1,1
no,male,276,10,2,14,0,0,0,1,1
no,female,279,12,3,18,1,0,2,0,0
no,male,218,6,1,6,0,0,1,0,0
no,male,262,12,1,12,0,0,0,1,0
no,male,349,2,7,28,2,0,2,1,1
no,male,151,10,1,10,0,0,1,0,0
no,male,199,14,2,16,0,0,1,0,0
no,female,225,4,1,4,0,1,0,0,0
no,male,189,12,1,12,0,0,0,1,0
no,male,254,8,8,50,3,0,1,0,1
no,male,192,12,2,16,0,0,1,0,1
no,male,143,16,7,50,0,1,1,3,2
no,male,240,14,1,14,1,0,0,0,0
no,male,61,8,4,28,0,0,1,3,0
no,male,187,2,8,44,3,1,3,1,0
no,male,276,14,1,14,0,1,0,0,0
no,male,211,6,4,24,0,1,1,1,0
no,male,246,2,5,20,2,1,0,1,0
no,male,165,12,5,22,2,1,1,1,0
no,male,213,10,2,16,0,1,0,0,0
no,male,45,8,1,8,1,0,0,0,0
no,male,169,16,1,16,1,0,0,0,0
no,male,38,14,1,14,0,0,1,0,0
no,male,341,4,6,18,2,1,0,1,0
no,male,243,14,10,62,4,0,1,2,1
no,male,315,36,11,58,2,3,2,2,0
no,male,228,8,10,46,4,0,3,2,0
no,male,224,16,1,16,0,0,1,0,0
no,male,131,14,1,14,0,1,0,0,0
no,male,103,28,1,28,0,0,0,0,1
no,female,223,16,2,20,1,0,0,0,1
no,male,218,4,4,24,2,1,0,1,0
no,female,396,4,10,28,4,1,3,1,1
no,male,247,8,2,12,1,0,0,0,1
no,male,36,12,1,12,0,0,1,0,0
no,male,215,6,1,6,0,0,0,0,1
no,male,202,26,1,26,0,0,1,0,0
no,female,61,14,1,14,1,0,0,0,0
no,male,200,10,1,10,0,0,0,1,0
no,male,162,6,5,22,0,1,3,0,0
no,male,269,12,3,28,2,0,0,1,0
no,female,212,12,2,20,0,0,1,0,1
no,male,262,14,1,14,0,0,1,0,0
no,male,222,14,3,24,0,2,1,0,0
no,female,158,8,1,8,1,0,0,0,0
no,male,292,12,1,12,0,0,1,0,0
no,female,308,6,1,6,1,0,0,0,0
no,female,137,36,1,36,0,0,0,0,1
no,male,114,16,1,16,0,0,0,0,1
no,female,218,6,1,6,0,0,1,0,0
no,female,156,6,2,14,0,0,1,0,0
no,female,268,2,1,2,0,0,0,0,0
no,male,44,16,2,20,0,0,0,1,1
no,male,268,2,1,2,0,0,0,1,0
no,male,118,16,1,16,1,0,0,0,0
no,male,122,14,1,14,1,0,0,0,0
no,male,187,10,5,30,1,1,1,0,0
no,female,159,12,2,16,0,0,0,0,2
no,male,224,32,1,32,0,0,0,1,0
no,male,114,12,1,12,0,0,0,0,1
no,male,218,2,2,8,1,0,0,1,0
no,male,55,14,2,20,1,0,0,0,0
no,male,315,14,5,34,3,0,1,0,0
no,male,281,6,4,14,1,0,0,1,0
no,female,282,8,6,24,3,0,1,0,1
no,male,40,14,1,14,0,0,1,0,0
no,female,172,4,2,8,0,0,0,2,0
no,female,216,22,1,22,0,0,0,0,1
no,female,148,32,2,38,0,1,0,1,0
no,male,174,6,1,6,0,0,1,0,0
no,female,181,12,1,12,0,0,0,1,0
no,male,298,30,2,34,1,0,0,1,0
no,female,181,10,2,16,1,0,0,0,1
no,female,135,16,1,16,0,0,1,0,0
no,male,382,6,11,64,3,0,3,1,3
no,female,108,26,2,28,0,0,1,1,0
no,female,145,2,1,2,0,0,1,0,0
no,female,320,30,2,34,2,0,0,0,0
no,female,401,6,8,40,3,0,2,3,0
no,male,296,12,1,12,0,0,1,0,0
no,male,287,12,2,18,0,1,1,0,0
no,male,142,6,2,8,1,0,0,0,0
no,male,214,2,1,2,0,0,0,0,1
no,male,204,14,1,14,0,0,1,0,0
no,male,183,2,1,2,0,0,0,0,1
no,male,196,10,5,32,2,0,2,0,1
no,male,254,14,3,28,0,1,0,0,2
no,male,297,12,1,12,0,0,0,0,1
no,male,219,10,2,18,0,0,2,0,0
no,male,71,4,2,12,1,0,0,1,0
no,male,233,34,1,34,0,0,0,0,1
no,male,99,14,2,16,0,0,0,2,0
no,male,26,16,1,16,0,0,1,0,0
no,male,211,14,1,14,0,0,1,0,0
no,male,232,10,1,10,0,0,0,1,0
no,female,56,16,1,16,0,0,0,1,0
no,male,78,14,2,20,0,0,2,0,0
no,male,166,12,11,36,1,1,1,3,2
no,male,159,16,2,20,1,0,0,0,0
no,female,290,12,2,18,0,1,0,0,0
no,male,272,10,2,12,0,1,1,0,0
no,female,310,12,2,18,0,0,1,0,0
no,male,314,12,9,66,3,0,3,2,0
no,female,33,26,1,26,1,0,0,0,0
no,male,108,12,6,32,3,0,1,0,1
no,male,53,8,1,8,0,0,0,1,0
no,male,151,12,2,16,1,0,1,0,0
no,male,117,8,2,14,0,0,0,2,0
no,male,127,26,2,34,0,0,2,0,0
no,male,247,12,1,12,0,1,0,0,0
no,male,243,8,2,10,1,0,0,1,0
no,female,255,32,8,60,0,2,3,2,0
no,male,169,10,2,18,0,0,0,1,1
no,male,60,12,2,14,1,0,1,0,0
no,male,202,8,2,14,0,1,0,0,0
no,female,200,34,1,34,1,0,0,0,0
no,male,301,36,7,62,1,1,2,1,2
no,male,132,6,2,8,0,0,1,0,0
no,male,173,10,2,16,2,0,0,0,0
no,male,312,8,2,10,1,0,1,0,0
no,male,104,28,1,28,0,0,0,1,0
no,male,130,14,2,22,0,0,1,0,0
no,female,127,36,1,36,0,0,0,0,0
no,male,140,8,1,8,1,0,0,0,0
no,male,383,16,8,50,1,2,2,0,2
no,male,221,14,2,22,1,0,1,0,0
no,female,273,14,5,30,1,0,2,0,1
no,male,146,36,1,36,0,0,0,1,0
no,male,233,14,4,28,0,0,3,0,1
no,male,102,2,2,4,1,0,1,0,0
no,male,276,24,2,32,0,0,0,2,0
no,male,268,8,1,8,0,0,0,1,0
no,male,175,36,1,36,0,0,0,0,0
no,male,132,20,3,36,1,0,1,0,1
no,male,231,2,2,8,0,0,0,1,0
no,female,382,6,6,40,1,1,3,0,1
no,male,95,16,1,16,0,0,0,0,0
no,male,147,4,1,4,1,0,0,0,0
no,female,93,16,1,16,1,0,0,0,0
no,male,367,12,11,70,5,1,3,0,0
no,male,199,12,1,12,0,0,0,0,0
no,male,137,18,2,20,1,0,0,0,0
no,male,239,6,3,14,2,0,0,0,1
no,male,117,32,2,36,0,0,1,1,0
no,male,192,10,2,12,1,0,1,0,0
no,male,192,8,1,8,0,0,0,1,0
no,female,310,12,2,18,1,0,0,0,0
no,female,189,6,2,12,0,1,0,0,1
no,female,298,12,1,12,0,0,0,1,0
no,male,44,2,1,2,0,1,0,0,0
no,male,78,10,2,14,1,0,1,0,0
no,female,49,2,1,2,0,0,0,1,0
no,male,125,6,2,8,1,0,1,0,0
no,female,287,4,1,4,1,0,0,0,0
no,male,152,4,8,38,2,1,2,2,0
no,male,277,10,3,22,1,0,1,1,0
no,female,215,16,1,16,0,0,1,0,0
no,male,303,16,2,22,0,0,1,0,1
no,male,71,10,1,10,0,0,0,0,0
no,male,191,22,2,24,0,0,1,1,0
no,male,98,8,1,8,1,0,0,0,0
no,female,244,20,4,38,0,1,0,0,0
no,male,32,16,1,16,0,1,0,0,0
no,male,268,16,9,44,5,0,3,0,0
no,female,132,12,1,12,0,0,0,0,1
no,male,370,28,11,86,3,1,3,2,0
no,male,335,6,12,54,5,2,2,2,1
no,male,244,6,1,6,0,1,0,0,0
no,male,185,12,2,20,0,0,2,0,0
no,male,196,30,2,32,0,1,0,1,0
no,male,157,12,1,12,0,0,0,0,0
no,male,156,28,2,32,0,0,1,0,0
no,male,219,18,8,40,2,0,4,1,0
no,male,281,2,1,2,0,0,0,0,0
no,male,294,16,1,16,0,0,0,1,0
no,male,154,10,2,12,0,0,0,1,0
no,male,84,4,1,4,0,0,1,0,0
no,female,185,10,2,12,1,0,1,0,0
no,female,102,2,1,2,0,0,0,1,0
no,female,192,12,2,16,1,0,1,0,0
no,female,131,10,2,16,2,0,0,0,0
no,female,230,12,2,18,0,1,0,0,1
no,male,266,2,3,18,0,0,1,2,0
no,male,252,6,2,14,1,0,0,0,0
no,male,113,8,2,14,0,0,2,0,0
no,male,106,30,1,30,1,0,0,0,0
no,male,158,16,7,44,0,2,1,2,0
no,male,231,6,9,44,2,1,3,1,2
no,male,301,16,1,16,0,0,1,0,0
no,male,361,14,9,46,0,0,4,2,1
no,male,135,6,1,6,0,1,0,0,0
no,female,221,22,2,24,0,0,2,0,0
no,female,261,18,2,24,1,0,1,0,0
no,female,197,12,7,48,3,1,0,0,1
no,male,273,10,1,10,0,0,1,0,0
no,male,274,36,2,42,0,1,0,0,0
no,female,149,10,1,10,1,0,0,0,0
no,male,91,28,2,30,0,0,1,0,0
no,male,76,6,1,6,0,1,0,0,0
no,male,65,18,1,18,0,0,0,0,0
no,female,49,16,3,22,1,0,0,1,1
no,male,88,6,2,10,1,1,0,0,0
no,female,89,8,2,14,0,0,0,0,1
no,female,105,12,6,30,1,2,3,0,0
no,male,279,28,1,28,0,0,0,0,1
no,male,23,34,1,34,0,0,0,0,0
no,male,78,8,2,12,0,0,0,0,1
no,male,110,14,2,18,1,0,1,0,0
no,female,241,4,1,4,0,0,0,0,1
no,female,251,4,8,38,4,0,1,1,0
no,female,199,24,2,26,0,1,0,0,1
no,female,176,4,5,14,1,0,3,0,0
no,male,303,10,2,14,1,0,0,0,0
no,male,120,12,1,12,1,0,0,0,0
no,male,167,16,1,16,1,0,0,0,0
no,male,136,16,2,22,0,0,0,1,0
no,male,91,14,1,14,0,0,1,0,0
no,male,201,10,1,10,0,0,1,0,0
no,male,238,4,2,8,1,0,0,1,0
no,male,188,10,1,10,0,0,0,0,1
no,male,264,12,3,18,2,0,0,1,0
no,male,353,32,6,44,1,1,0,1,0
no,female,295,8,1,8,0,0,1,0,0
no,male,138,14,2,22,1,1,0,0,0
no,male,133,6,1,6,1,0,0,0,0
no,female,199,16,7,44,1,2,2,1,1
no,male,182,16,2,22,0,0,2,0,0
no,male,27,12,1,12,0,1,0,0,0
no,male,273,10,1,10,0,0,1,0,0
no,female,315,16,2,22,0,1,1,0,0
no,male,122,2,2,10,1,0,1,0,0
no,female,230,6,2,10,1,1,0,0,0
no,male,316,4,2,10,1,0,0,1,0
no,male,218,10,2,16,1,0,1,0,0
no,male,198,8,1,8,0,0,0,0,0
no,female,371,22,6,54,1,4,0,0,0
no,male,189,30,6,60,1,0,2,0,2
no,female,165,8,2,14,1,0,1,0,0
no,male,93,10,1,10,0,0,0,0,1
no,male,277,16,1,16,0,1,0,0,0
no,male,120,14,1,14,0,0,1,0,0
no,male,278,14,1,14,0,0,0,1,0
no,male,304,16,1,16,0,0,0,0,1
no,male,92,12,2,16,0,1,1,0,0
no,female,313,4,1,4,0,0,0,0,0
no,male,185,16,4,30,1,1,1,1,0
no,male,211,24,2,28,0,1,0,1,0
no,female,239,16,2,22,1,0,0,0,0
no,female,88,10,3,26,1,0,1,0,1
no,male,229,16,1,16,0,0,0,0,0
no,male,262,2,8,30,1,0,3,0,1
no,male,288,32,6,66,0,1,3,0,2
no,male,151,4,1,4,1,0,0,0,0
no,male,310,6,1,6,0,0,0,1,0
no,female,260,18,1,18,0,0,1,0,0
no,male,88,8,2,16,0,0,2,0,0
no,male,51,28,2,36,0,0,0,0,0
no,female,166,12,1,12,0,0,1,0,0
no,male,38,12,1,12,0,1,0,0,0
no,male,96,12,1,12,0,0,0,0,0
no,female,124,2,4,22,0,1,1,2,0
no,male,223,8,4,20,1,1,2,0,0
no,male,118,16,1,16,0,0,0,0,0
no,male,116,26,1,26,0,0,0,0,0
no,male,154,8,7,24,3,0,2,0,1
no,male,82,16,1,16,1,0,0,0,0
no,female,296,24,6,42,0,1,3,2,0
no,female,177,2,1,2,1,0,0,0,0
no,male,86,8,1,8,0,0,0,1,0
no,male,202,12,1,12,1,0,0,0,0
no,male,78,26,1,26,0,0,0,1,0
no,male,70,12,1,12,0,1,0,0,0
no,male,192,12,1,12,0,0,1,0,0
no,female,288,16,2,22,0,0,1,1,0
no,male,131,14,2,22,1,0,1,0,0
no,male,113,36,2,42,1,0,1,0,0
no,female,190,18,1,18,0,0,0,1,0
no,male,93,12,1,12,0,0,1,0,0
no,male,59,18,2,22,0,1,0,0,1
no,female,96,12,4,28,2,1,0,0,0
no,female,82,12,2,20,2,0,0,0,0
no,female,255,16,1,16,0,0,0,1,0
no,male,76,32,2,40,0,1,0,1,0
no,female,70,6,1,6,0,0,0,0,1
no,male,180,16,2,18,0,1,0,0,1
no,female,106,8,1,8,1,0,0,0,0
no,female,268,10,2,18,1,0,0,0,1
no,male,274,14,2,16,0,0,1,0,1
no,male,59,8,2,14,1,0,1,0,0
no,male,141,2,1,2,1,0,0,0,0
no,female,219,10,1,10,1,0,0,0,0
no,female,156,2,1,2,1,0,0,0,0
no,male,153,8,1,8,0,0,0,0,1
no,male,244,12,1,12,0,0,1,0,0
no,male,144,16,1,16,0,0,1,0,0
no,male,312,22,4,32,4,0,0,0,0
no,male,81,4,3,10,0,0,1,0,1
no,male,97,12,2,18,0,0,1,0,0
no,male,147,34,2,36,1,0,1,0,0
no,male,367,18,8,40,2,1,3,0,0
no,male,169,10,1,10,0,0,1,0,0
no,male,261,10,2,18,0,0,1,1,0
